,Title,Cleaned_Ingredients
0,Miso-Butter Roast Chicken With Acorn Squash Panzanella,"['1 (3¬Ω‚Äì4-lb.) whole chicken', '2¬æ tsp. kosher salt, divided, plus more', '2 small acorn squash (about 3 lb. total)', '2 Tbsp. finely chopped sage', '1 Tbsp. finely chopped rosemary', '6 Tbsp. unsalted butter, melted, plus 3 Tbsp. room temperature', '¬º tsp. ground allspice', 'Pinch of crushed red pepper flakes', 'Freshly ground black pepper', '‚Öì loaf good-quality sturdy white bread, torn into 1"" pieces (about 2¬Ω cups)', '2 medium apples (such as Gala or Pink Lady; about 14 oz. total), cored, cut into 1"" pieces', '2 Tbsp. extra-virgin olive oil', '¬Ω small red onion, thinly sliced', '3 Tbsp. apple cider vinegar', '1 Tbsp. white miso', '¬º cup all-purpose flour', '2 Tbsp. unsalted butter, room temperature', '¬º cup dry white wine', '2 cups unsalted chicken broth', '2 tsp. white miso', 'Kosher salt', 'freshly ground pepper']"
1,Crispy Salt and Pepper Potatoes,"['2 large egg whites', '1 pound new potatoes (about 1 inch in diameter)', '2 teaspoons kosher salt', '¬æ teaspoon finely ground black pepper', '1 teaspoon finely chopped rosemary', '1 teaspoon finely chopped thyme', '1 teaspoon finely chopped parsley']"
2,Thanksgiving Mac and Cheese,"['1 cup evaporated milk', '1 cup whole milk', '1 tsp. garlic powder', '1 tsp. onion powder', '1 tsp. smoked paprika', '¬Ω tsp. freshly ground black pepper', '1 tsp. kosher salt, plus more', '2 lb. extra-sharp cheddar, coarsely grated', '4 oz. full-fat cream cheese', '1 lb. elbow macaroni']"
3,Italian Sausage and Bread Stuffing,"['1 (¬æ- to 1-pound) round Italian loaf, cut into 1-inch cubes (8 cups)', '2 tablespoons olive oil, divided', '2 pounds sweet Italian sausage, casings removed, divided', '1 stick unsalted butter, cut into pieces', '3 medium onions, chopped', '4 large celery ribs, chopped', '5 garlic cloves, minced', '4 large eggs, lightly beaten', '¬æ cup heavy cream, divided', '¬Ω cup turkey giblet stock or reduced-sodium chicken broth', '1 cup grated Parmigiano-Reggiano (2 ounces)', '¬Ω cup coarsely chopped flat-leaf parsley', '4-qt shallow ceramic or glass baking dish']"
4,Newton's Law,"['1 teaspoon dark brown sugar', '1 teaspoon hot water', '1 ¬Ω oz. bourbon', '¬Ω oz. fresh lemon juice', '2 teaspoons apple butter (storebought or homemade)', 'Garnish: orange twist and freshly grated or ground cinnamon']"
5,Warm Comfort,"['2 chamomile tea bags', '1¬Ω oz. reposado tequila', '¬æ oz. fresh lemon juice', '1 Tbsp. agave nectar']"
6,Apples and Oranges,"['3 oz. Grand Marnier', '1 oz. Amaro Averna', 'Small pat salted butter (about ¬Ω teaspoon)', '1 cup hot apple cider', '1¬Ω to 3 tsp. fresh lemon juice (to taste, depending on the sweetness of your cider)', 'Garnish: freshly ground pink peppercorns', 'plus 2 lemon wheels (optional)']"
7,Turmeric Hot Toddy,"['¬º cup granulated sugar', '¬æ tsp. ground turmeric', '1 ¬Ω oz. Amontillado sherry', '1 oz. bourbon, aged rum, Scotch, mezcal, or gin', '1 oz. Turmeric Syrup', '¬Ω oz. fresh lemon juice', 'Garnish: Dehydrated lemon wheel (optional)']"
8,Instant Pot Lamb Haleem,"['¬æ cup assorted dals (such as chana dal, moong dal, masoor dal, and/or urad dal)', '¬º cup white jasmine rice or other long-grain rice', '¬º cup pearl barley', '1¬Ω lb. bone-in lamb stew meat', '3 tsp. kosher salt, divided, plus more', '1 6"" piece fresh ginger', '3 medium shallots, thinly sliced', '‚Öì cup ghee or vegetable oil', '4 garlic cloves, finely grated', '2 Tbsp. plus 1¬Ω tsp. garam masala', '1 tsp. (or more) cayenne pepper', '1 tsp. ground turmeric', '3 green Thai chiles, stems removed (optional)', '¬Ω cup (lightly packed) chopped cilantro, plus more for serving', '¬Ω white onion, finely chopped', '2 limes', 'cut into wedges']"
9,Spiced Lentil and Caramelized Onion Baked Eggs,"['1 (14.5-ounce) can basic lentil soup, like Amy‚Äôs', '1 large onion, thinly sliced', '¬Ω tsp. turmeric', '1 tsp. cumin', '¬º tsp. Aleppo pepper or ‚Öõ tsp. crushed red pepper flakes', '2 Tbsp. tomato paste', '3 large eggs', '2 Tbsp. ghee, unsalted butter, or olive oil', '¬Ω tsp. whole cumin seeds', 'Olive oil', 'Kosher salt and freshly ground black pepper', 'Parsley', 'for finishing']"
10,Hot Pimento Cheese Dip,"['1 (7 oz./200 g) can chipotle in adobo sauce', '¬Ω garlic clove, minced', 'Kosher salt', '1¬Ω tsp. cornstarch', '1 (5 fl oz./150 ml) can evaporated milk (about ¬Ω cup plus 2 Tbsp)', '8 oz. (230 g) sharp or extra-sharp Cheddar cheese, coarsely grated (about 2 cups)', '2 oz. (55 g) cream cheese, roughly diced, at room temperature', '¬º cup (60 g) mayonnaise', '1 (4 oz./115 g) jar diced pimento peppers, drained', '1¬Ω tsp. Chipotle Pepper Pur√©e']"